epoch,steps,cosine_pearson,cosine_spearman,euclidean_pearson,euclidean_spearman,manhattan_pearson,manhattan_spearman,dot_pearson,dot_spearman
0,1000,0.8372857942987225,0.8407208269518864,0.8331424356011922,0.8367494746988681,0.8333311193829283,0.8364053623608307,0.7555444012061884,0.744732863819921
0,2000,0.8384571735085646,0.8427977198516319,0.8395402988547136,0.8418592841472897,0.8395654989362198,0.8415884958448266,0.7893000921359432,0.7803491268015889
0,3000,0.8447124003133899,0.8461849677528527,0.8432619695088145,0.8461802072109135,0.8433874596745925,0.8461781573874295,0.7925640282674101,0.78423865973145
0,4000,0.8453789660882316,0.8460689854659939,0.8452735127932355,0.8470702523115023,0.8451842211475988,0.8468726916764162,0.7996871181431277,0.7914618871297846
0,5000,0.8477376315192559,0.8490169394681855,0.849286916319091,0.851709951255318,0.8491886477866232,0.8514469759841669,0.8078648844394252,0.8000196545938207
0,6000,0.8530499053415126,0.8544498186816301,0.852523916636149,0.8557239237869968,0.8524879108829966,0.8556097012879373,0.8172847589442498,0.8103997863031938
0,7000,0.8477881460062954,0.8500802249032595,0.8469030605246687,0.8498526866234515,0.8470032318169344,0.8500158735692439,0.8076917053286744,0.8009867976091513
0,8000,0.8494143474821899,0.8504967999253196,0.8486672124534856,0.8520583554112752,0.8488057004942539,0.8523250566636555,0.8092360981402517,0.8023885832728013
0,-1,0.8498525999309121,0.8507844389148806,0.8486482705661437,0.852027076030175,0.8487839147678554,0.8522168562786069,0.812279339935303,0.8054841619187971
